{
    "English": 0.5204690435392968,
    "Russian": 0.13326038935568446,
    "Chinese": 0.0889778897169636,
    "Vietnamese": 0.06405995169181858,
    "German": 0.02894361981048329,
    "Japanese": 0.023927000970292534,
    "unknown": 0.02328702078903363,
    "Korean": 0.021490947377113483,
    "Spanish": 0.01630917236111398,
    "French": 0.013212494064699931,
    "Portuguese": 0.011519643262660252,
    "Persian": 0.007555895043250273,
    "Italian": 0.00555337641156919,
    "Turkish": 0.004376638658931852,
    "Czech": 0.003406346126055451,
    "Arabic": 0.0033650570821032637,
    "Polish": 0.0032618344722227955,
    "Ukrainian": 0.0031586118623423273,
    "Dutch": 0.002539276203059518,
    "Hungarian": 0.002250252895394207,
    "Indonesian": 0.0013625384504221804,
    "Slovak": 0.0011148041867090567,
    "Swedish": 0.0011148041867090567,
    "Danish": 0.001094159664732963,
    "Finnish": 0.0010322260988046821,
    "Serbian": 0.0010115815768285885,
    "Bulgarian": 0.0007432027911393711,
    "Hebrew": 0.0006812692252110902,
    "Thai": 0.0006606247032349966,
    "Romanian": 0.0005367575713784347,
    "Latin": 0.0005367575713784347,
    "Galician": 0.00045417948347406013,
    "Norwegian": 0.0003509568735935919,
    "Catalan": 0.0003303123516174983,
    "Greek": 0.0003303123516174983,
    "Lithuanian": 0.000289023307665311,
    "Croatian": 0.00026837878568921735,
    "Sanskrit": 0.0002477342637131237,
    "Estonian": 0.00022708974173703007,
    "Scots": 0.00020644521976093642,
    "Basque": 0.00020644521976093642,
    "Uzbek": 0.00018580069778484278,
    "Tagalog": 0.00018580069778484278,
    "Corsican": 0.00018580069778484278,
    "Macedonian": 0.00018580069778484278,
    "Yoruba": 0.00018580069778484278,
    "Malay": 0.00018580069778484278,
    "Xhosa": 0.00016515617580874914,
    "Esperanto": 0.0001445116538326555,
    "Armenian": 0.0001445116538326555,
    "Tamil": 0.0001445116538326555,
    "Norwegian Nynorsk": 0.0001445116538326555,
    "Afrikaans": 0.0001445116538326555,
    "Kinyarwanda": 0.00012386713185656185,
    "Bosnian": 0.00012386713185656185,
    "Bislama": 0.00012386713185656185,
    "Hindi": 0.00012386713185656185,
    "Amharic": 0.00012386713185656185,
    "Tatar": 0.00010322260988046821,
    "Manx": 0.00010322260988046821,
    "Interlingue": 0.00010322260988046821,
    "Slovenian": 0.00010322260988046821,
    "Interlingua": 0.00010322260988046821,
    "Welsh": 0.00010322260988046821,
    "Irish": 0.00010322260988046821,
    "Kazakh": 8.257808790437457e-05,
    "xx": 8.257808790437457e-05,
    "Romansh": 8.257808790437457e-05,
    "Bangla": 8.257808790437457e-05,
    "Belarusian": 8.257808790437457e-05,
    "Nauru": 8.257808790437457e-05,
    "Javanese": 8.257808790437457e-05,
    "Malagasy": 8.257808790437457e-05,
    "Icelandic": 8.257808790437457e-05,
    "Wolof": 8.257808790437457e-05,
    "Khasi": 8.257808790437457e-05,
    "Occitan": 8.257808790437457e-05,
    "Faroese": 8.257808790437457e-05,
    "Mongolian": 6.193356592828093e-05,
    "Breton": 6.193356592828093e-05,
    "Kyrgyz": 6.193356592828093e-05,
    "Nyanja": 6.193356592828093e-05,
    "Southern Sotho": 6.193356592828093e-05,
    "Tongan": 6.193356592828093e-05,
    "Turkmen": 6.193356592828093e-05,
    "Tsonga": 6.193356592828093e-05,
    "Oromo": 6.193356592828093e-05,
    "Latvian": 6.193356592828093e-05,
    "Albanian": 6.193356592828093e-05,
    "Ganda": 6.193356592828093e-05,
    "Tswana": 4.1289043952187285e-05,
    "Tibetan": 4.1289043952187285e-05,
    "Haitian Creole": 4.1289043952187285e-05,
    "zzp": 4.1289043952187285e-05,
    "Swati": 4.1289043952187285e-05,
    "Hmong": 4.1289043952187285e-05,
    "Kalaallisut": 4.1289043952187285e-05,
    "Inuktitut": 4.1289043952187285e-05,
    "Volapük": 4.1289043952187285e-05,
    "Sundanese": 4.1289043952187285e-05,
    "Luxembourgish": 4.1289043952187285e-05,
    "Pashto": 4.1289043952187285e-05,
    "Quechua": 4.1289043952187285e-05,
    "Samoan": 4.1289043952187285e-05,
    "Swahili": 4.1289043952187285e-05,
    "Azerbaijani": 4.1289043952187285e-05,
    "Klingon": 2.0644521976093642e-05,
    "Hawaiian": 2.0644521976093642e-05,
    "Guarani": 2.0644521976093642e-05,
    "Lingala": 2.0644521976093642e-05,
    "Telugu": 2.0644521976093642e-05,
    "Scottish Gaelic": 2.0644521976093642e-05,
    "Kurdish": 2.0644521976093642e-05,
    "Shona": 2.0644521976093642e-05,
    "Hausa": 2.0644521976093642e-05,
    "Aymara": 2.0644521976093642e-05,
    "Rundi": 2.0644521976093642e-05,
    "Akan": 2.0644521976093642e-05,
    "Assamese": 2.0644521976093642e-05,
    "Afar": 2.0644521976093642e-05,
    "Bashkir": 2.0644521976093642e-05,
    "Khmer": 2.0644521976093642e-05,
    "Dzongkha": 2.0644521976093642e-05,
    "Yiddish": 2.0644521976093642e-05,
    "Zhuang": 2.0644521976093642e-05,
    "Abkhazian": 2.0644521976093642e-05,
    "Waray": 2.0644521976093642e-05,
    "Sindhi": 2.0644521976093642e-05
}